"case","index","status","ms"
"small","1","オブジェクト参照がオブジェクト インスタンスに設定されていません。","195"
"small","2","オブジェクト参照がオブジェクト インスタンスに設定されていません。","132"
"small","3","オブジェクト参照がオブジェクト インスタンスに設定されていません。","131"
"small","4","オブジェクト参照がオブジェクト インスタンスに設定されていません。","139"
"small","5","オブジェクト参照がオブジェクト インスタンスに設定されていません。","147"
"small","6","オブジェクト参照がオブジェクト インスタンスに設定されていません。","138"
"small","7","オブジェクト参照がオブジェクト インスタンスに設定されていません。","145"
"small","8","オブジェクト参照がオブジェクト インスタンスに設定されていません。","159"
"small","9","オブジェクト参照がオブジェクト インスタンスに設定されていません。","126"
"small","10","オブジェクト参照がオブジェクト インスタンスに設定されていません。","161"
"large","1","オブジェクト参照がオブジェクト インスタンスに設定されていません。","124"
"large","2","オブジェクト参照がオブジェクト インスタンスに設定されていません。","127"
"large","3","オブジェクト参照がオブジェクト インスタンスに設定されていません。","124"
"large","4","オブジェクト参照がオブジェクト インスタンスに設定されていません。","127"
"large","5","オブジェクト参照がオブジェクト インスタンスに設定されていません。","126"
"large","6","オブジェクト参照がオブジェクト インスタンスに設定されていません。","140"
"large","7","オブジェクト参照がオブジェクト インスタンスに設定されていません。","131"
"large","8","オブジェクト参照がオブジェクト インスタンスに設定されていません。","173"
"large","9","オブジェクト参照がオブジェクト インスタンスに設定されていません。","202"
"large","10","オブジェクト参照がオブジェクト インスタンスに設定されていません。","137"
