id,action,request_id,event_time
80,EHT_CLAIM_SEND,f0cc8ab4-a172-40a7-871a-5493b65e9888,2025-11-12 08:37:04.785337+09
79,EHT_CLAIM_SEND,27820f29-af7c-4083-9130-29e102ebcd97,2025-11-12 08:35:17.273652+09
78,EHT_CLAIM_SEND,2fcfe584-77b4-4ae3-8da4-cd06a7022c8d,2025-11-12 08:33:28.82062+09
77,STAMP_TREE_PUT,parity-stamp-20251111TstampfixZ3,2025-11-12 08:31:40.63629+09
76,EHT_CLAIM_SEND,cf82f816-c25d-46e7-93d8-9d40419463fc,2025-11-12 08:31:34.169608+09
75,STAMP_TREE_PUT,parity-stamp-20251111TstampfixZ3,2025-11-12 08:31:31.256801+09
74,EHT_CLAIM_SEND,a8ccd2d4-1467-4a52-9686-e4e58a435e6e,2025-11-12 08:29:31.499807+09
73,SEQ_SMOKE,trace-seq-smoke-batch,2025-11-12 08:27:28.689588+09
62,STAMP_TREE_PUT,parity-stamp-20251111TstampfixZ2,2025-11-12 06:43:07.396835+09
60,STAMP_TREE_PUT,parity-stamp-20251111TstampfixZ2,2025-11-12 06:42:48.932664+09
71,SEQ_SMOKE,trace-seq-smoke-20251111TstampfixZ2-modern,2025-11-12 06:42:31.123373+09
58,STAMP_TREE_PUT,parity-stamp-20251111TstampfixZ2,2025-11-12 06:37:05.836352+09
56,EHT_CLAIM_SEND,c8f23d04-7401-4a56-bb99-9b8485de4845,2025-11-12 06:31:37.860372+09
69,SEQ_SMOKE,trace-seq-smoke,2025-11-12 06:25:17.256377+09
67,SEQ_SMOKE,trace-seq-smoke,2025-11-12 03:44:36.476309+09
65,SEQ_SMOKE,trace-seq-smoke,2025-11-12 03:42:53.900741+09
63,SEQ_SMOKE,trace-seq-smoke,2025-11-12 03:40:53.544793+09
61,SEQ_SMOKE,trace-seq-smoke,2025-11-12 03:13:45.011107+09
59,SEQ_SMOKE,trace-seq-smoke,2025-11-12 03:10:36.755983+09
57,SEQ_SMOKE,trace-seq-smoke,2025-11-12 01:40:15.841699+09
55,SYSTEM_ACTIVITY_SUMMARY,trace-http-20251111T091717Z,2025-11-11 20:07:08.954473+09
54,SYSTEM_ACTIVITY_SUMMARY,trace-http-20251111T091717Z,2025-11-11 20:05:51.873631+09
53,SYSTEM_ACTIVITY_SUMMARY,trace-http-400,2025-11-11 18:43:32.786512+09
52,SYSTEM_ACTIVITY_SUMMARY,trace-http-400,2025-11-11 18:29:24.586096+09
-41,SYSTEM_ACTIVITY_SUMMARY,trace-http-400,2025-11-10 23:13:47.023197+09
-42,SYSTEM_ACTIVITY_SUMMARY,trace-http-400,2025-11-10 22:51:56.846671+09
-43,SYSTEM_ACTIVITY_SUMMARY,trace-http-400,2025-11-10 22:51:48.094946+09
-44,SYSTEM_ACTIVITY_SUMMARY,76dd12b6-85d0-42a4-af3d-b9790ffbbe47,2025-11-10 21:32:07.878756+09
-45,SYSTEM_ACTIVITY_SUMMARY,1097021e-aaeb-48c8-ae87-04b93ec46a64,2025-11-10 21:26:59.604509+09
-46,SYSTEM_ACTIVITY_SUMMARY,2ff7792f-e128-4263-b7e7-739ce4ddcee2,2025-11-10 06:23:46.834083+09
-47,SYSTEM_ACTIVITY_SUMMARY,269fa2ec-5054-4cb6-8470-168fd0cd40a4,2025-11-10 06:22:05.318451+09
1,EHT_CLAIM_SEND,8c93e452-918d-407b-8216-cc7ca67b9d80,2025-11-10 05:18:27.015813+09
